# ROADMAP §18.5's nine operator surfaces and the routes that expose them (SIGNOFF-REPAIR.4.6.1.6, .4.6.1.7).
#
#     <bullet><TAB><owner><TAB><routes, space-separated><TAB><blocked part, or -><TAB><surface>
#
# ⭐ ONE mapping, read by TWO checks: scripts/census_operator_surfaces.py proves each route
# is REGISTERED in the server's source (the OPERATOR-SURFACES gate), and
# crates/reasonbraid-server/tests/operator_surfaces.rs proves each is SERVED by the app
# `rb-server` actually runs. Neither holds a copy of this list.
# ⛔ A blocked part is named, never counted as exposed.
1	SIGNOFF-REPAIR.4.6.1.4	/v1/health	-	service and dependency health with freshness
2	SIGNOFF-REPAIR.4.6	/v1/admin/nodes/presence /v1/admin/incarnations /v1/nodes/quarantine /v1/directory/presence	-	node leases, versions, capabilities, last reconciliation, and quarantine state
3	SIGNOFF-REPAIR.4.6	/v1/threads/{thread_id} /v1/threads/{thread_id}/budget /v1/threads/{thread_id}/events /v1/threads/{thread_id}/commands	-	thread lifecycle, stop reason, budget, unresolved blockers, and pending humans
4	SIGNOFF-REPAIR.4.6.1.1	/v1/admin/nodes/ambiguous-attempts	-	ambiguous attempts and safe resolution actions
5	SIGNOFF-REPAIR.4.6	/v1/nodes/inbox /v1/nodes/replay /v1/nodes/inbox/prune	-	outbox/inbox/dead-letter queues with authorized replay
6	SIGNOFF-REPAIR.4.6.1.2	/v1/snapshots /v1/resources/{resource_id}/resolve /v1/resolvers /v1/admin/resolution-refusals	-	evidence acquisitions and resolver denials
7	SIGNOFF-REPAIR.4.6	/v1/policy-publications /v1/deployments /v1/policy-drift	-	policy publication/deployment/drift state
8	SIGNOFF-REPAIR.4.6.1.3	/v1/audit/receipts /v1/threads/{thread_id}/audit	checkpoint age: the audit hash chain and its checkpoints are deferred by docs/adr/022-audit-hash-chain-groundwork.md until the first non-loopback deployment or the G7 gate	audit-chain verification and checkpoint age
9	SIGNOFF-REPAIR.4.6.1.5	/v1/admin/backups /v1/admin/incidents	-	backup/restore status and active incidents
